t,max_error,h=0.02,dt=0.00016
0,0
0.00016,0.00197088
0.00032,0.00275656
0.00048,0.00322577
0.00064,0.00363119
0.0008,0.00397293
0.00096,0.00428135
0.00112,0.00456052
0.00128,0.00481898
0.00144,0.00505966
0.0016,0.00528606
0.00176,0.00550008
0.00192,0.00570354
0.00208,0.0058977
0.00224,0.00608365
0.0024,0.00626224
0.00256,0.00643423
0.00272,0.00660021
0.00288,0.0067607
0.00304,0.00691616
0.0032,0.00706698
0.00336,0.00721349
0.00352,0.00735599
0.00368,0.00749476
0.00384,0.00763002
0.004,0.007762
0.00416,0.00789088
0.00432,0.00801683
0.00448,0.00814001
0.00464,0.00826057
0.0048,0.00837863
0.00496,0.00849432
0.00512,0.00860774
0.00528,0.008719
0.00544,0.00882819
0.0056,0.00893539
0.00576,0.0090407
0.00592,0.00914418
0.00608,0.00924591
0.00624,0.00934595
0.0064,0.00944436
0.00656,0.00954121
0.00672,0.00963653
0.00688,0.0097304
0.00704,0.00982285
0.0072,0.00991393
0.00736,0.0100037
0.00752,0.0100921
0.00768,0.0101794
0.00784,0.0102654
0.008,0.0103502
0.00816,0.0104339
0.00832,0.0105165
0.00848,0.010598
0.00864,0.0106784
0.0088,0.0107578
0.00896,0.0108363
0.00912,0.0109137
0.00928,0.0109902
0.00944,0.0110658
0.0096,0.0111405
0.00976,0.0112142
0.00992,0.0112872
0.01008,0.0113592
0.01024,0.0114305
0.0104,0.0115009
0.01056,0.0115706
0.01072,0.0116395
0.01088,0.0117076
0.01104,0.011775
0.0112,0.0118416
0.01136,0.0119076
0.01152,0.0119728
0.01168,0.0120374
0.01184,0.0121013
0.012,0.0121645
0.01216,0.0122271
0.01232,0.0122891
0.01248,0.0123504
0.01264,0.0124111
0.0128,0.0124712
0.01296,0.0125307
0.01312,0.0125897
0.01328,0.012648
0.01344,0.0127058
0.0136,0.0127631
0.01376,0.0128198
0.01392,0.012876
0.01408,0.0129316
0.01424,0.0129868
0.0144,0.0130414
0.01456,0.0130955
0.01472,0.0131491
0.01488,0.0132023
0.01504,0.0132549
0.0152,0.0133071
0.01536,0.0133588
0.01552,0.0134101
0.01568,0.0134609
0.01584,0.0135113
0.016,0.0135612
0.01616,0.0136107
0.01632,0.0136598
0.01648,0.0137084
0.01664,0.0137566
0.0168,0.0138044
0.01696,0.0138519
0.01712,0.0138989
0.01728,0.0139455
0.01744,0.0139917
0.0176,0.0140375
0.01776,0.014083
0.01792,0.0141281
0.01808,0.0141728
0.01824,0.0142171
0.0184,0.0142611
0.01856,0.0143048
0.01872,0.014348
0.01888,0.014391
0.01904,0.0144336
0.0192,0.0144758
0.01936,0.0145177
0.01952,0.0145593
0.01968,0.0146005
0.01984,0.0146415
0.02,0.0146821
0.02016,0.0147223
0.02032,0.0147623
0.02048,0.014802
0.02064,0.0148413
0.0208,0.0148803
0.02096,0.0149191
0.02112,0.0149575
0.02128,0.0149957
0.02144,0.0150335
0.0216,0.0150711
0.02176,0.0151084
0.02192,0.0151454
0.02208,0.0151821
0.02224,0.0152186
0.0224,0.0152547
0.02256,0.0152906
0.02272,0.0153263
0.02288,0.0153616
0.02304,0.0153967
0.0232,0.0154316
0.02336,0.0154662
0.02352,0.0155005
0.02368,0.0155346
0.02384,0.0155684
0.024,0.015602
0.02416,0.0156353
0.02432,0.0156684
0.02448,0.0157012
0.02464,0.0157338
0.0248,0.0157662
0.02496,0.0157983
0.02512,0.0158302
0.02528,0.0158619
0.02544,0.0158933
0.0256,0.0159245
0.02576,0.0159555
0.02592,0.0159863
0.02608,0.0160168
0.02624,0.0160471
0.0264,0.0160772
0.02656,0.0161071
0.02672,0.0161368
0.02688,0.0161663
0.02704,0.0161955
0.0272,0.0162245
0.02736,0.0162534
0.02752,0.016282
0.02768,0.0163104
0.02784,0.0163387
0.028,0.0163667
0.02816,0.0163945
0.02832,0.0164222
0.02848,0.0164496
0.02864,0.0164768
0.0288,0.0165039
0.02896,0.0165307
0.02912,0.0165574
0.02928,0.0165839
0.02944,0.0166102
0.0296,0.0166363
0.02976,0.0166622
0.02992,0.016688
0.03008,0.0167136
0.03024,0.0167389
0.0304,0.0167641
0.03056,0.0167892
0.03072,0.016814
0.03088,0.0168387
0.03104,0.0168632
0.0312,0.0168876
0.03136,0.0169117
0.03152,0.0169357
0.03168,0.0169596
0.03184,0.0169832
0.032,0.0170067
0.03216,0.0170301
0.03232,0.0170532
0.03248,0.0170762
0.03264,0.0170991
0.0328,0.0171218
0.03296,0.0171443
0.03312,0.0171667
0.03328,0.0171889
0.03344,0.0172109
0.0336,0.0172328
0.03376,0.0172546
0.03392,0.0172762
0.03408,0.0172976
0.03424,0.0173189
0.0344,0.0173401
0.03456,0.0173611
0.03472,0.0173819
0.03488,0.0174026
0.03504,0.0174232
0.0352,0.0174436
0.03536,0.0174639
0.03552,0.017484
0.03568,0.017504
0.03584,0.0175238
0.036,0.0175435
0.03616,0.0175631
0.03632,0.0175825
0.03648,0.0176018
0.03664,0.0176209
0.0368,0.0176399
0.03696,0.0176588
0.03712,0.0176776
0.03728,0.0176962
0.03744,0.0177146
0.0376,0.017733
0.03776,0.0177512
0.03792,0.0177693
0.03808,0.0177872
0.03824,0.017805
0.0384,0.0178227
0.03856,0.0178403
0.03872,0.0178577
0.03888,0.0178751
0.03904,0.0178922
0.0392,0.0179093
0.03936,0.0179262
0.03952,0.0179431
0.03968,0.0179598
0.03984,0.0179763
0.04,0.0179928
0.04016,0.0180091
0.04032,0.0180253
0.04048,0.0180414
0.04064,0.0180574
0.0408,0.0180732
0.04096,0.018089
0.04112,0.0181046
0.04128,0.0181201
0.04144,0.0181355
0.0416,0.0181507
0.04176,0.0181659
0.04192,0.0181809
0.04208,0.0181959
0.04224,0.0182107
0.0424,0.0182254
0.04256,0.01824
0.04272,0.0182545
0.04288,0.0182689
0.04304,0.0182831
0.0432,0.0182973
0.04336,0.0183113
0.04352,0.0183253
0.04368,0.0183391
0.04384,0.0183528
0.044,0.0183664
0.04416,0.0183799
0.04432,0.0183933
0.04448,0.0184066
0.04464,0.0184198
0.0448,0.0184329
0.04496,0.0184459
0.04512,0.0184588
0.04528,0.0184716
0.04544,0.0184843
0.0456,0.0184969
0.04576,0.0185093
0.04592,0.0185217
0.04608,0.018534
0.04624,0.0185462
0.0464,0.0185582
0.04656,0.0185702
0.04672,0.0185821
0.04688,0.0185939
0.04704,0.0186056
0.0472,0.0186172
0.04736,0.0186287
0.04752,0.0186401
0.04768,0.0186514
0.04784,0.0186626
0.048,0.0186737
0.04816,0.0186847
0.04832,0.0186957
0.04848,0.0187065
0.04864,0.0187172
0.0488,0.0187279
0.04896,0.0187384
0.04912,0.0187489
0.04928,0.0187593
0.04944,0.0187695
0.0496,0.0187797
0.04976,0.0187898
0.04992,0.0187999
0.05008,0.0188098
0.05024,0.0188196
0.0504,0.0188294
0.05056,0.018839
0.05072,0.0188486
0.05088,0.0188581
0.05104,0.0188675
0.0512,0.0188768
0.05136,0.018886
0.05152,0.0188951
0.05168,0.0189042
0.05184,0.0189131
0.052,0.018922
0.05216,0.0189308
0.05232,0.0189395
0.05248,0.0189481
0.05264,0.0189567
0.0528,0.0189651
0.05296,0.0189735
0.05312,0.0189818
0.05328,0.01899
0.05344,0.0189982
0.0536,0.0190062
0.05376,0.0190142
0.05392,0.0190221
0.05408,0.0190299
0.05424,0.0190376
0.0544,0.0190452
0.05456,0.0190528
0.05472,0.0190603
0.05488,0.0190677
0.05504,0.019075
0.0552,0.0190823
0.05536,0.0190895
0.05552,0.0190966
0.05568,0.0191036
0.05584,0.0191105
0.056,0.0191174
0.05616,0.0191242
0.05632,0.0191309
0.05648,0.0191375
0.05664,0.0191441
0.0568,0.0191506
0.05696,0.019157
0.05712,0.0191633
0.05728,0.0191696
0.05744,0.0191758
0.0576,0.0191819
0.05776,0.019188
0.05792,0.0191939
0.05808,0.0191998
0.05824,0.0192056
0.0584,0.0192114
0.05856,0.0192171
0.05872,0.0192227
0.05888,0.0192282
0.05904,0.0192337
0.0592,0.0192391
0.05936,0.0192444
0.05952,0.0192496
0.05968,0.0192548
0.05984,0.0192599
0.06,0.019265
0.06016,0.0192699
0.06032,0.0192748
0.06048,0.0192797
0.06064,0.0192844
0.0608,0.0192891
0.06096,0.0192938
0.06112,0.0192983
0.06128,0.0193028
0.06144,0.0193072
0.0616,0.0193116
0.06176,0.0193159
0.06192,0.0193201
0.06208,0.0193243
0.06224,0.0193284
0.0624,0.0193324
0.06256,0.0193364
0.06272,0.0193402
0.06288,0.0193441
0.06304,0.0193478
0.0632,0.0193515
0.06336,0.0193552
0.06352,0.0193587
0.06368,0.0193623
0.06384,0.0193657
0.064,0.0193691
0.06416,0.0193724
0.06432,0.0193756
0.06448,0.0193788
0.06464,0.019382
0.0648,0.019385
0.06496,0.019388
0.06512,0.019391
0.06528,0.0193938
0.06544,0.0193967
0.0656,0.0193994
0.06576,0.0194021
0.06592,0.0194048
0.06608,0.0194073
0.06624,0.0194098
0.0664,0.0194123
0.06656,0.0194147
0.06672,0.019417
0.06688,0.0194193
0.06704,0.0194215
0.0672,0.0194237
0.06736,0.0194258
0.06752,0.0194278
0.06768,0.0194298
0.06784,0.0194317
0.068,0.0194335
0.06816,0.0194353
0.06832,0.0194371
0.06848,0.0194388
0.06864,0.0194404
0.0688,0.019442
0.06896,0.0194435
0.06912,0.019445
0.06928,0.0194464
0.06944,0.0194477
0.0696,0.019449
0.06976,0.0194502
0.06992,0.0194514
0.07008,0.0194525
0.07024,0.0194536
0.0704,0.0194546
0.07056,0.0194556
0.07072,0.0194565
0.07088,0.0194573
0.07104,0.0194581
0.0712,0.0194589
0.07136,0.0194596
0.07152,0.0194602
0.07168,0.0194608
0.07184,0.0194613
0.072,0.0194618
0.07216,0.0194622
0.07232,0.0194626
0.07248,0.0194629
0.07264,0.0194631
0.0728,0.0194633
0.07296,0.0194635
0.07312,0.0194636
0.07328,0.0194637
0.07344,0.0194637
0.0736,0.0194636
0.07376,0.0194635
0.07392,0.0194633
0.07408,0.0194631
0.07424,0.0194629
0.0744,0.0194626
0.07456,0.0194622
0.07472,0.0194618
0.07488,0.0194614
0.07504,0.0194609
0.0752,0.0194603
0.07536,0.0194597
0.07552,0.0194591
0.07568,0.0194584
0.07584,0.0194576
0.076,0.0194568
0.07616,0.019456
0.07632,0.0194551
0.07648,0.0194541
0.07664,0.0194531
0.0768,0.0194521
0.07696,0.019451
0.07712,0.0194498
0.07728,0.0194487
0.07744,0.0194474
0.0776,0.0194462
0.07776,0.0194448
0.07792,0.0194435
0.07808,0.019442
0.07824,0.0194406
0.0784,0.0194391
0.07856,0.0194375
0.07872,0.0194359
0.07888,0.0194342
0.07904,0.0194325
0.0792,0.0194308
0.07936,0.019429
0.07952,0.0194272
0.07968,0.0194253
0.07984,0.0194234
0.08,0.0194214
0.08016,0.0194194
0.08032,0.0194174
0.08048,0.0194153
0.08064,0.0194131
0.0808,0.0194109
0.08096,0.0194087
0.08112,0.0194064
0.08128,0.0194041
0.08144,0.0194017
0.0816,0.0193993
0.08176,0.0193969
0.08192,0.0193944
0.08208,0.0193919
0.08224,0.0193893
0.0824,0.0193867
0.08256,0.019384
0.08272,0.0193813
0.08288,0.0193786
0.08304,0.0193758
0.0832,0.0193729
0.08336,0.0193701
0.08352,0.0193672
0.08368,0.0193642
0.08384,0.0193612
0.084,0.0193582
0.08416,0.0193551
0.08432,0.019352
0.08448,0.0193488
0.08464,0.0193456
0.0848,0.0193424
0.08496,0.0193391
0.08512,0.0193358
0.08528,0.0193325
0.08544,0.0193291
0.0856,0.0193256
0.08576,0.0193221
0.08592,0.0193186
0.08608,0.0193151
0.08624,0.0193115
0.0864,0.0193079
0.08656,0.0193042
0.08672,0.0193005
0.08688,0.0192967
0.08704,0.0192929
0.0872,0.0192891
0.08736,0.0192853
0.08752,0.0192814
0.08768,0.0192774
0.08784,0.0192735
0.088,0.0192694
0.08816,0.0192654
0.08832,0.0192613
0.08848,0.0192572
0.08864,0.019253
0.0888,0.0192488
0.08896,0.0192446
0.08912,0.0192403
0.08928,0.019236
0.08944,0.0192317
0.0896,0.0192273
0.08976,0.0192229
0.08992,0.0192184
0.09008,0.0192139
0.09024,0.0192094
0.0904,0.0192049
0.09056,0.0192003
0.09072,0.0191956
0.09088,0.019191
0.09104,0.0191863
0.0912,0.0191815
0.09136,0.0191768
0.09152,0.019172
0.09168,0.0191671
0.09184,0.0191623
0.092,0.0191574
0.09216,0.0191524
0.09232,0.0191475
0.09248,0.0191424
0.09264,0.0191374
0.0928,0.0191323
0.09296,0.0191272
0.09312,0.0191221
0.09328,0.0191169
0.09344,0.0191117
0.0936,0.0191065
0.09376,0.0191012
0.09392,0.0190959
0.09408,0.0190905
0.09424,0.0190852
0.0944,0.0190798
0.09456,0.0190743
0.09472,0.0190689
0.09488,0.0190634
0.09504,0.0190578
0.0952,0.0190523
0.09536,0.0190467
0.09552,0.0190411
0.09568,0.0190354
0.09584,0.0190297
0.096,0.019024
0.09616,0.0190182
0.09632,0.0190125
0.09648,0.0190066
0.09664,0.0190008
0.0968,0.0189949
0.09696,0.018989
0.09712,0.0189831
0.09728,0.0189771
0.09744,0.0189711
0.0976,0.0189651
0.09776,0.018959
0.09792,0.018953
0.09808,0.0189468
0.09824,0.0189407
0.0984,0.0189345
0.09856,0.0189283
0.09872,0.0189221
0.09888,0.0189158
0.09904,0.0189095
0.0992,0.0189032
0.09936,0.0188969
0.09952,0.0188905
0.09968,0.0188841
0.09984,0.0188777
0.1,0.0188712
0.10016,0.0188647
0.10032,0.0188582
0.10048,0.0188516
0.10064,0.0188451
0.1008,0.0188385
0.10096,0.0188318
0.10112,0.0188252
0.10128,0.0188185
0.10144,0.0188118
0.1016,0.018805
0.10176,0.0187983
0.10192,0.0187915
0.10208,0.0187847
0.10224,0.0187778
0.1024,0.0187709
0.10256,0.018764
0.10272,0.0187571
0.10288,0.0187502
0.10304,0.0187432
0.1032,0.0187362
0.10336,0.0187292
0.10352,0.0187221
0.10368,0.018715
0.10384,0.0187079
0.104,0.0187008
0.10416,0.0186936
0.10432,0.0186864
0.10448,0.0186792
0.10464,0.018672
0.1048,0.0186647
0.10496,0.0186574
0.10512,0.0186501
0.10528,0.0186428
0.10544,0.0186354
0.1056,0.018628
0.10576,0.0186206
0.10592,0.0186132
0.10608,0.0186057
0.10624,0.0185982
0.1064,0.0185907
0.10656,0.0185832
0.10672,0.0185756
0.10688,0.0185681
0.10704,0.0185604
0.1072,0.0185528
0.10736,0.0185452
0.10752,0.0185375
0.10768,0.0185298
0.10784,0.0185221
0.108,0.0185143
0.10816,0.0185066
0.10832,0.0184988
0.10848,0.018491
0.10864,0.0184831
0.1088,0.0184753
0.10896,0.0184674
0.10912,0.0184595
0.10928,0.0184515
0.10944,0.0184436
0.1096,0.0184356
0.10976,0.0184276
0.10992,0.0184196
0.11008,0.0184116
0.11024,0.0184035
0.1104,0.0183954
0.11056,0.0183873
0.11072,0.0183792
0.11088,0.0183711
0.11104,0.0183629
0.1112,0.0183547
0.11136,0.0183465
0.11152,0.0183382
0.11168,0.01833
0.11184,0.0183217
0.112,0.0183134
0.11216,0.0183051
0.11232,0.0182968
0.11248,0.0182884
0.11264,0.01828
0.1128,0.0182716
0.11296,0.0182632
0.11312,0.0182548
0.11328,0.0182463
0.11344,0.0182378
0.1136,0.0182293
0.11376,0.0182208
0.11392,0.0182123
0.11408,0.0182037
0.11424,0.0181951
0.1144,0.0181865
0.11456,0.0181779
0.11472,0.0181693
0.11488,0.0181606
0.11504,0.018152
0.1152,0.0181433
0.11536,0.0181346
0.11552,0.0181258
0.11568,0.0181171
0.11584,0.0181083
0.116,0.0180995
0.11616,0.0180907
0.11632,0.0180819
0.11648,0.018073
0.11664,0.0180642
0.1168,0.0180553
0.11696,0.0180464
0.11712,0.0180375
0.11728,0.0180285
0.11744,0.0180196
0.1176,0.0180106
0.11776,0.0180016
0.11792,0.0179926
0.11808,0.0179836
0.11824,0.0179745
0.1184,0.0179655
0.11856,0.0179564
0.11872,0.0179473
0.11888,0.0179382
0.11904,0.0179291
0.1192,0.0179199
0.11936,0.0179107
0.11952,0.0179016
0.11968,0.0178924
0.11984,0.0178831
0.12,0.0178739
0.12016,0.0178647
0.12032,0.0178554
0.12048,0.0178461
0.12064,0.0178368
0.1208,0.0178275
0.12096,0.0178182
0.12112,0.0178088
0.12128,0.0177995
0.12144,0.0177901
0.1216,0.0177807
0.12176,0.0177713
0.12192,0.0177619
0.12208,0.0177524
0.12224,0.017743
0.1224,0.0177335
0.12256,0.017724
0.12272,0.0177145
0.12288,0.017705
0.12304,0.0176954
0.1232,0.0176859
0.12336,0.0176763
0.12352,0.0176667
0.12368,0.0176571
0.12384,0.0176475
0.124,0.0176379
0.12416,0.0176283
0.12432,0.0176186
0.12448,0.0176089
0.12464,0.0175993
0.1248,0.0175896
0.12496,0.0175798
0.12512,0.0175701
0.12528,0.0175604
0.12544,0.0175506
0.1256,0.0175408
0.12576,0.0175311
0.12592,0.0175213
0.12608,0.0175115
0.12624,0.0175016
0.1264,0.0174918
0.12656,0.0174819
0.12672,0.0174721
0.12688,0.0174622
0.12704,0.0174523
0.1272,0.0174424
0.12736,0.0174325
0.12752,0.0174225
0.12768,0.0174126
0.12784,0.0174026
0.128,0.0173927
0.12816,0.0173827
0.12832,0.0173727
0.12848,0.0173627
0.12864,0.0173526
0.1288,0.0173426
0.12896,0.0173325
0.12912,0.0173225
0.12928,0.0173124
0.12944,0.0173023
0.1296,0.0172922
0.12976,0.0172821
0.12992,0.017272
0.13008,0.0172618
0.13024,0.0172517
0.1304,0.0172415
0.13056,0.0172314
0.13072,0.0172212
0.13088,0.017211
0.13104,0.0172008
0.1312,0.0171906
0.13136,0.0171803
0.13152,0.0171701
0.13168,0.0171598
0.13184,0.0171496
0.132,0.0171393
0.13216,0.017129
0.13232,0.0171187
0.13248,0.0171084
0.13264,0.017098
0.1328,0.0170877
0.13296,0.0170774
0.13312,0.017067
0.13328,0.0170566
0.13344,0.0170463
0.1336,0.0170359
0.13376,0.0170255
0.13392,0.0170151
0.13408,0.0170046
0.13424,0.0169942
0.1344,0.0169838
0.13456,0.0169733
0.13472,0.0169628
0.13488,0.0169524
0.13504,0.0169419
0.1352,0.0169314
0.13536,0.0169209
0.13552,0.0169104
0.13568,0.0168999
0.13584,0.0168893
0.136,0.0168788
0.13616,0.0168682
0.13632,0.0168577
0.13648,0.0168471
0.13664,0.0168365
0.1368,0.0168259
0.13696,0.0168153
0.13712,0.0168047
0.13728,0.0167941
0.13744,0.0167834
0.1376,0.0167728
0.13776,0.0167622
0.13792,0.0167515
0.13808,0.0167408
0.13824,0.0167302
0.1384,0.0167195
0.13856,0.0167088
0.13872,0.0166981
0.13888,0.0166874
0.13904,0.0166766
0.1392,0.0166659
0.13936,0.0166552
0.13952,0.0166444
0.13968,0.0166337
0.13984,0.0166229
0.14,0.0166121
0.14016,0.0166013
0.14032,0.0165906
0.14048,0.0165798
0.14064,0.016569
0.1408,0.0165581
0.14096,0.0165473
0.14112,0.0165365
0.14128,0.0165256
0.14144,0.0165148
0.1416,0.0165039
0.14176,0.0164931
0.14192,0.0164822
0.14208,0.0164713
0.14224,0.0164605
0.1424,0.0164496
0.14256,0.0164387
0.14272,0.0164277
0.14288,0.0164168
0.14304,0.0164059
0.1432,0.016395
0.14336,0.016384
0.14352,0.0163731
0.14368,0.0163621
0.14384,0.0163512
0.144,0.0163402
0.14416,0.0163292
0.14432,0.0163183
0.14448,0.0163073
0.14464,0.0162963
0.1448,0.0162853
0.14496,0.0162743
0.14512,0.0162633
0.14528,0.0162522
0.14544,0.0162412
0.1456,0.0162302
0.14576,0.0162191
0.14592,0.0162081
0.14608,0.016197
0.14624,0.016186
0.1464,0.0161749
0.14656,0.0161638
0.14672,0.0161527
0.14688,0.0161417
0.14704,0.0161306
0.1472,0.0161195
0.14736,0.0161084
0.14752,0.0160972
0.14768,0.0160861
0.14784,0.016075
0.148,0.0160639
0.14816,0.0160527
0.14832,0.0160416
0.14848,0.0160305
0.14864,0.0160193
0.1488,0.0160081
0.14896,0.015997
0.14912,0.0159858
0.14928,0.0159746
0.14944,0.0159635
0.1496,0.0159523
0.14976,0.0159411
0.14992,0.0159299
0.15008,0.0159187
0.15024,0.0159075
0.1504,0.0158963
0.15056,0.0158851
0.15072,0.0158738
0.15088,0.0158626
0.15104,0.0158514
0.1512,0.0158401
0.15136,0.0158289
0.15152,0.0158177
0.15168,0.0158064
0.15184,0.0157951
0.152,0.0157839
0.15216,0.0157726
0.15232,0.0157613
0.15248,0.0157501
0.15264,0.0157388
0.1528,0.0157275
0.15296,0.0157162
0.15312,0.0157049
0.15328,0.0156936
0.15344,0.0156823
0.1536,0.015671
0.15376,0.0156597
0.15392,0.0156484
0.15408,0.0156371
0.15424,0.0156258
0.1544,0.0156144
0.15456,0.0156031
0.15472,0.0155918
0.15488,0.0155804
0.15504,0.0155691
0.1552,0.0155577
0.15536,0.0155464
0.15552,0.015535
0.15568,0.0155237
0.15584,0.0155123
0.156,0.015501
0.15616,0.0154896
0.15632,0.0154782
0.15648,0.0154668
0.15664,0.0154555
0.1568,0.0154441
0.15696,0.0154327
0.15712,0.0154213
0.15728,0.0154099
0.15744,0.0153985
0.1576,0.0153871
0.15776,0.0153757
0.15792,0.0153643
0.15808,0.0153529
0.15824,0.0153415
0.1584,0.0153301
0.15856,0.0153186
0.15872,0.0153072
0.15888,0.0152958
0.15904,0.0152844
0.1592,0.0152729
0.15936,0.0152615
0.15952,0.0152501
0.15968,0.0152386
0.15984,0.0152272
0.16,0.0152158
0.16016,0.0152043
0.16032,0.0151929
0.16048,0.0151814
0.16064,0.01517
0.1608,0.0151585
0.16096,0.015147
0.16112,0.0151356
0.16128,0.0151241
0.16144,0.0151127
0.1616,0.0151012
0.16176,0.0150897
0.16192,0.0150782
0.16208,0.0150668
0.16224,0.0150553
0.1624,0.0150438
0.16256,0.0150323
0.16272,0.0150208
0.16288,0.0150094
0.16304,0.0149979
0.1632,0.0149864
0.16336,0.0149749
0.16352,0.0149634
0.16368,0.0149519
0.16384,0.0149404
0.164,0.0149289
0.16416,0.0149174
0.16432,0.0149059
0.16448,0.0148944
0.16464,0.0148829
0.1648,0.0148714
0.16496,0.0148599
0.16512,0.0148484
0.16528,0.0148369
0.16544,0.0148254
0.1656,0.0148139
0.16576,0.0148023
0.16592,0.0147908
0.16608,0.0147793
0.16624,0.0147678
0.1664,0.0147563
0.16656,0.0147447
0.16672,0.0147332
0.16688,0.0147217
0.16704,0.0147102
0.1672,0.0146986
0.16736,0.0146871
0.16752,0.0146756
0.16768,0.0146641
0.16784,0.0146525
0.168,0.014641
0.16816,0.0146295
0.16832,0.0146179
0.16848,0.0146064
0.16864,0.0145949
0.1688,0.0145833
0.16896,0.0145718
0.16912,0.0145603
0.16928,0.0145487
0.16944,0.0145372
0.1696,0.0145257
0.16976,0.0145141
0.16992,0.0145026
0.17008,0.014491
0.17024,0.0144795
0.1704,0.014468
0.17056,0.0144564
0.17072,0.0144449
0.17088,0.0144333
0.17104,0.0144218
0.1712,0.0144103
0.17136,0.0143987
0.17152,0.0143872
0.17168,0.0143756
0.17184,0.0143641
0.172,0.0143526
0.17216,0.014341
0.17232,0.0143295
0.17248,0.0143179
0.17264,0.0143064
0.1728,0.0142948
0.17296,0.0142833
0.17312,0.0142718
0.17328,0.0142602
0.17344,0.0142487
0.1736,0.0142371
0.17376,0.0142256
0.17392,0.0142141
0.17408,0.0142025
0.17424,0.014191
0.1744,0.0141794
0.17456,0.0141679
0.17472,0.0141564
0.17488,0.0141448
0.17504,0.0141333
0.1752,0.0141217
0.17536,0.0141102
0.17552,0.0140987
0.17568,0.0140871
0.17584,0.0140756
0.176,0.0140641
0.17616,0.0140525
0.17632,0.014041
0.17648,0.0140295
0.17664,0.0140179
0.1768,0.0140064
0.17696,0.0139949
0.17712,0.0139833
0.17728,0.0139718
0.17744,0.0139603
0.1776,0.0139487
0.17776,0.0139372
0.17792,0.0139257
0.17808,0.0139142
0.17824,0.0139026
0.1784,0.0138911
0.17856,0.0138796
0.17872,0.0138681
0.17888,0.0138566
0.17904,0.013845
0.1792,0.0138335
0.17936,0.013822
0.17952,0.0138105
0.17968,0.013799
0.17984,0.0137875
0.18,0.013776
0.18016,0.0137645
0.18032,0.0137529
0.18048,0.0137414
0.18064,0.0137299
0.1808,0.0137184
0.18096,0.0137069
0.18112,0.0136954
0.18128,0.0136839
0.18144,0.0136724
0.1816,0.0136609
0.18176,0.0136494
0.18192,0.0136379
0.18208,0.0136265
0.18224,0.013615
0.1824,0.0136035
0.18256,0.013592
0.18272,0.0135805
0.18288,0.013569
0.18304,0.0135575
0.1832,0.0135461
0.18336,0.0135346
0.18352,0.0135231
0.18368,0.0135116
0.18384,0.0135002
0.184,0.0134887
0.18416,0.0134772
0.18432,0.0134658
0.18448,0.0134543
0.18464,0.0134428
0.1848,0.0134314
0.18496,0.0134199
0.18512,0.0134085
0.18528,0.013397
0.18544,0.0133856
0.1856,0.0133741
0.18576,0.0133627
0.18592,0.0133512
0.18608,0.0133398
0.18624,0.0133283
0.1864,0.0133169
0.18656,0.0133055
0.18672,0.013294
0.18688,0.0132826
0.18704,0.0132712
0.1872,0.0132597
0.18736,0.0132483
0.18752,0.0132369
0.18768,0.0132255
0.18784,0.0132141
0.188,0.0132026
0.18816,0.0131912
0.18832,0.0131798
0.18848,0.0131684
0.18864,0.013157
0.1888,0.0131456
0.18896,0.0131342
0.18912,0.0131228
0.18928,0.0131114
0.18944,0.0131
0.1896,0.0130886
0.18976,0.0130772
0.18992,0.0130659
0.19008,0.0130545
0.19024,0.0130431
0.1904,0.0130317
0.19056,0.0130204
0.19072,0.013009
0.19088,0.0129976
0.19104,0.0129863
0.1912,0.0129749
0.19136,0.0129635
0.19152,0.0129522
0.19168,0.0129408
0.19184,0.0129295
0.192,0.0129181
0.19216,0.0129068
0.19232,0.0128955
0.19248,0.0128841
0.19264,0.0128728
0.1928,0.0128615
0.19296,0.0128501
0.19312,0.0128388
0.19328,0.0128275
0.19344,0.0128162
0.1936,0.0128049
0.19376,0.0127935
0.19392,0.0127822
0.19408,0.0127709
0.19424,0.0127596
0.1944,0.0127483
0.19456,0.012737
0.19472,0.0127257
0.19488,0.0127145
0.19504,0.0127032
0.1952,0.0126919
0.19536,0.0126806
0.19552,0.0126693
0.19568,0.0126581
0.19584,0.0126468
0.196,0.0126355
0.19616,0.0126243
0.19632,0.012613
0.19648,0.0126018
0.19664,0.0125905
0.1968,0.0125793
0.19696,0.012568
0.19712,0.0125568
0.19728,0.0125455
0.19744,0.0125343
0.1976,0.0125231
0.19776,0.0125119
0.19792,0.0125006
0.19808,0.0124894
0.19824,0.0124782
0.1984,0.012467
0.19856,0.0124558
0.19872,0.0124446
0.19888,0.0124334
0.19904,0.0124222
0.1992,0.012411
0.19936,0.0123998
0.19952,0.0123886
0.19968,0.0123774
0.19984,0.0123663
0.2,0.0123551
0.20016,0.0123439
0.20032,0.0123328
0.20048,0.0123216
0.20064,0.0123104
0.2008,0.0122993
0.20096,0.0122881
0.20112,0.012277
0.20128,0.0122659
0.20144,0.0122547
0.2016,0.0122436
0.20176,0.0122325
0.20192,0.0122213
0.20208,0.0122102
0.20224,0.0121991
0.2024,0.012188
0.20256,0.0121769
0.20272,0.0121658
0.20288,0.0121547
0.20304,0.0121436
0.2032,0.0121325
0.20336,0.0121214
0.20352,0.0121103
0.20368,0.0120992
0.20384,0.0120882
0.204,0.0120771
0.20416,0.012066
0.20432,0.012055
0.20448,0.0120439
0.20464,0.0120329
0.2048,0.0120218
0.20496,0.0120108
0.20512,0.0119997
0.20528,0.0119887
0.20544,0.0119777
0.2056,0.0119667
0.20576,0.0119556
0.20592,0.0119446
0.20608,0.0119336
0.20624,0.0119226
0.2064,0.0119116
0.20656,0.0119006
0.20672,0.0118896
0.20688,0.0118786
0.20704,0.0118676
0.2072,0.0118566
0.20736,0.0118457
0.20752,0.0118347
0.20768,0.0118237
0.20784,0.0118128
0.208,0.0118018
0.20816,0.0117909
0.20832,0.0117799
0.20848,0.011769
0.20864,0.011758
0.2088,0.0117471
0.20896,0.0117362
0.20912,0.0117252
0.20928,0.0117143
0.20944,0.0117034
0.2096,0.0116925
0.20976,0.0116816
0.20992,0.0116707
0.21008,0.0116598
0.21024,0.0116489
0.2104,0.011638
0.21056,0.0116271
0.21072,0.0116163
0.21088,0.0116054
0.21104,0.0115945
0.2112,0.0115837
0.21136,0.0115728
0.21152,0.011562
0.21168,0.0115511
0.21184,0.0115403
0.212,0.0115294
0.21216,0.0115186
0.21232,0.0115078
0.21248,0.0114969
0.21264,0.0114861
0.2128,0.0114753
0.21296,0.0114645
0.21312,0.0114537
0.21328,0.0114429
0.21344,0.0114321
0.2136,0.0114213
0.21376,0.0114106
0.21392,0.0113998
0.21408,0.011389
0.21424,0.0113782
0.2144,0.0113675
0.21456,0.0113567
0.21472,0.011346
0.21488,0.0113352
0.21504,0.0113245
0.2152,0.0113138
0.21536,0.011303
0.21552,0.0112923
0.21568,0.0112816
0.21584,0.0112709
0.216,0.0112602
0.21616,0.0112495
0.21632,0.0112388
0.21648,0.0112281
0.21664,0.0112174
0.2168,0.0112067
0.21696,0.011196
0.21712,0.0111853
0.21728,0.0111747
0.21744,0.011164
0.2176,0.0111534
0.21776,0.0111427
0.21792,0.0111321
0.21808,0.0111214
0.21824,0.0111108
0.2184,0.0111002
0.21856,0.0110895
0.21872,0.0110789
0.21888,0.0110683
0.21904,0.0110577
0.2192,0.0110471
0.21936,0.0110365
0.21952,0.0110259
0.21968,0.0110153
0.21984,0.0110047
0.22,0.0109942
0.22016,0.0109836
0.22032,0.010973
0.22048,0.0109625
0.22064,0.0109519
0.2208,0.0109414
0.22096,0.0109308
0.22112,0.0109203
0.22128,0.0109098
0.22144,0.0108993
0.2216,0.0108887
0.22176,0.0108782
0.22192,0.0108677
0.22208,0.0108572
0.22224,0.0108467
0.2224,0.0108362
0.22256,0.0108257
0.22272,0.0108153
0.22288,0.0108048
0.22304,0.0107943
0.2232,0.0107839
0.22336,0.0107734
0.22352,0.010763
0.22368,0.0107525
0.22384,0.0107421
0.224,0.0107316
0.22416,0.0107212
0.22432,0.0107108
0.22448,0.0107004
0.22464,0.01069
0.2248,0.0106796
0.22496,0.0106692
0.22512,0.0106588
0.22528,0.0106484
0.22544,0.010638
0.2256,0.0106276
0.22576,0.0106173
0.22592,0.0106069
0.22608,0.0105965
0.22624,0.0105862
0.2264,0.0105758
0.22656,0.0105655
0.22672,0.0105552
0.22688,0.0105448
0.22704,0.0105345
0.2272,0.0105242
0.22736,0.0105139
0.22752,0.0105036
0.22768,0.0104933
0.22784,0.010483
0.228,0.0104727
0.22816,0.0104624
0.22832,0.0104521
0.22848,0.0104419
0.22864,0.0104316
0.2288,0.0104214
0.22896,0.0104111
0.22912,0.0104009
0.22928,0.0103906
0.22944,0.0103804
0.2296,0.0103702
0.22976,0.0103599
0.22992,0.0103497
0.23008,0.0103395
0.23024,0.0103293
0.2304,0.0103191
0.23056,0.0103089
0.23072,0.0102987
0.23088,0.0102886
0.23104,0.0102784
0.2312,0.0102682
0.23136,0.0102581
0.23152,0.0102479
0.23168,0.0102378
0.23184,0.0102276
0.232,0.0102175
0.23216,0.0102074
0.23232,0.0101972
0.23248,0.0101871
0.23264,0.010177
0.2328,0.0101669
0.23296,0.0101568
0.23312,0.0101467
0.23328,0.0101366
0.23344,0.0101265
0.2336,0.0101165
0.23376,0.0101064
0.23392,0.0100963
0.23408,0.0100863
0.23424,0.0100762
0.2344,0.0100662
0.23456,0.0100561
0.23472,0.0100461
0.23488,0.0100361
0.23504,0.0100261
0.2352,0.0100161
0.23536,0.0100061
0.23552,0.00999606
0.23568,0.00998606
0.23584,0.00997608
0.236,0.0099661
0.23616,0.00995612
0.23632,0.00994615
0.23648,0.00993619
0.23664,0.00992624
0.2368,0.00991629
0.23696,0.00990634
0.23712,0.00989641
0.23728,0.00988648
0.23744,0.00987655
0.2376,0.00986663
0.23776,0.00985672
0.23792,0.00984682
0.23808,0.00983692
0.23824,0.00982703
0.2384,0.00981714
0.23856,0.00980726
0.23872,0.00979739
0.23888,0.00978752
0.23904,0.00977766
0.2392,0.0097678
0.23936,0.00975796
0.23952,0.00974812
0.23968,0.00973828
0.23984,0.00972845
0.24,0.00971863
0.24016,0.00970881
0.24032,0.009699
0.24048,0.0096892
0.24064,0.0096794
0.2408,0.00966961
0.24096,0.00965983
0.24112,0.00965005
0.24128,0.00964028
0.24144,0.00963052
0.2416,0.00962076
0.24176,0.00961101
0.24192,0.00960126
0.24208,0.00959153
0.24224,0.00958179
0.2424,0.00957207
0.24256,0.00956235
0.24272,0.00955264
0.24288,0.00954293
0.24304,0.00953323
0.2432,0.00952354
0.24336,0.00951385
0.24352,0.00950417
0.24368,0.0094945
0.24384,0.00948483
0.244,0.00947517
0.24416,0.00946552
0.24432,0.00945587
0.24448,0.00944623
0.24464,0.00943659
0.2448,0.00942697
0.24496,0.00941734
0.24512,0.00940773
0.24528,0.00939812
0.24544,0.00938852
0.2456,0.00937892
0.24576,0.00936934
0.24592,0.00935975
0.24608,0.00935018
0.24624,0.00934061
0.2464,0.00933105
0.24656,0.00932149
0.24672,0.00931194
0.24688,0.0093024
0.24704,0.00929286
0.2472,0.00928333
0.24736,0.00927381
0.24752,0.00926429
0.24768,0.00925479
0.24784,0.00924528
0.248,0.00923579
0.24816,0.0092263
0.24832,0.00921681
0.24848,0.00920734
0.24864,0.00919787
0.2488,0.0091884
0.24896,0.00917895
0.24912,0.0091695
0.24928,0.00916005
0.24944,0.00915062
0.2496,0.00914119
0.24976,0.00913176
0.24992,0.00912235
0.25008,0.00911294
0.25024,0.00910353
0.2504,0.00909414
0.25056,0.00908475
0.25072,0.00907536
0.25088,0.00906599
0.25104,0.00905662
0.2512,0.00904725
0.25136,0.0090379
0.25152,0.00902855
0.25168,0.0090192
0.25184,0.00900987
0.252,0.00900054
0.25216,0.00899121
0.25232,0.0089819
0.25248,0.00897259
0.25264,0.00896328
0.2528,0.00895399
0.25296,0.0089447
0.25312,0.00893541
0.25328,0.00892614
0.25344,0.00891687
0.2536,0.0089076
0.25376,0.00889835
0.25392,0.0088891
0.25408,0.00887985
0.25424,0.00887062
0.2544,0.00886139
0.25456,0.00885217
0.25472,0.00884295
0.25488,0.00883374
0.25504,0.00882454
0.2552,0.00881534
0.25536,0.00880615
0.25552,0.00879697
0.25568,0.0087878
0.25584,0.00877863
0.256,0.00876947
0.25616,0.00876031
0.25632,0.00875116
0.25648,0.00874202
0.25664,0.00873288
0.2568,0.00872376
0.25696,0.00871463
0.25712,0.00870552
0.25728,0.00869641
0.25744,0.00868731
0.2576,0.00867822
0.25776,0.00866913
0.25792,0.00866005
0.25808,0.00865097
0.25824,0.00864191
0.2584,0.00863285
0.25856,0.00862379
0.25872,0.00861474
0.25888,0.0086057
0.25904,0.00859667
0.2592,0.00858764
0.25936,0.00857862
0.25952,0.00856961
0.25968,0.0085606
0.25984,0.0085516
0.26,0.00854261
0.26016,0.00853363
0.26032,0.00852465
0.26048,0.00851567
0.26064,0.00850671
0.2608,0.00849775
0.26096,0.0084888
0.26112,0.00847985
0.26128,0.00847091
0.26144,0.00846198
0.2616,0.00845306
0.26176,0.00844414
0.26192,0.00843523
0.26208,0.00842632
0.26224,0.00841743
0.2624,0.00840854
0.26256,0.00839965
0.26272,0.00839077
0.26288,0.0083819
0.26304,0.00837304
0.2632,0.00836418
0.26336,0.00835533
0.26352,0.00834649
0.26368,0.00833765
0.26384,0.00832883
0.264,0.00832
0.26416,0.00831119
0.26432,0.00830238
0.26448,0.00829358
0.26464,0.00828478
0.2648,0.00827599
0.26496,0.00826721
0.26512,0.00825844
0.26528,0.00824967
0.26544,0.00824091
0.2656,0.00823215
0.26576,0.0082234
0.26592,0.00821466
0.26608,0.00820593
0.26624,0.0081972
0.2664,0.00818848
0.26656,0.00817977
0.26672,0.00817106
0.26688,0.00816236
0.26704,0.00815367
0.2672,0.00814498
0.26736,0.00813631
0.26752,0.00812763
0.26768,0.00811897
0.26784,0.00811031
0.268,0.00810166
0.26816,0.00809301
0.26832,0.00808437
0.26848,0.00807574
0.26864,0.00806712
0.2688,0.0080585
0.26896,0.00804989
0.26912,0.00804129
0.26928,0.00803269
0.26944,0.0080241
0.2696,0.00801551
0.26976,0.00800694
0.26992,0.00799837
0.27008,0.0079898
0.27024,0.00798125
0.2704,0.0079727
0.27056,0.00796416
0.27072,0.00795562
0.27088,0.00794709
0.27104,0.00793857
0.2712,0.00793006
0.27136,0.00792155
0.27152,0.00791305
0.27168,0.00790455
0.27184,0.00789606
0.272,0.00788758
0.27216,0.00787911
0.27232,0.00787064
0.27248,0.00786218
0.27264,0.00785373
0.2728,0.00784528
0.27296,0.00783684
0.27312,0.00782841
0.27328,0.00781998
0.27344,0.00781156
0.2736,0.00780315
0.27376,0.00779475
0.27392,0.00778635
0.27408,0.00777796
0.27424,0.00776957
0.2744,0.00776119
0.27456,0.00775282
0.27472,0.00774446
0.27488,0.0077361
0.27504,0.00772775
0.2752,0.0077194
0.27536,0.00771107
0.27552,0.00770274
0.27568,0.00769441
0.27584,0.0076861
0.276,0.00767779
0.27616,0.00766948
0.27632,0.00766119
0.27648,0.0076529
0.27664,0.00764462
0.2768,0.00763634
0.27696,0.00762807
0.27712,0.00761981
0.27728,0.00761155
0.27744,0.00760331
0.2776,0.00759506
0.27776,0.00758683
0.27792,0.0075786
0.27808,0.00757038
0.27824,0.00756217
0.2784,0.00755396
0.27856,0.00754576
0.27872,0.00753757
0.27888,0.00752938
0.27904,0.0075212
0.2792,0.00751303
0.27936,0.00750486
0.27952,0.0074967
0.27968,0.00748855
0.27984,0.0074804
0.28,0.00747226
0.28016,0.00746413
0.28032,0.007456
0.28048,0.00744789
0.28064,0.00743977
0.2808,0.00743167
0.28096,0.00742357
0.28112,0.00741548
0.28128,0.00740739
0.28144,0.00739932
0.2816,0.00739125
0.28176,0.00738318
0.28192,0.00737512
0.28208,0.00736707
0.28224,0.00735903
0.2824,0.00735099
0.28256,0.00734296
0.28272,0.00733494
0.28288,0.00732692
0.28304,0.00731891
0.2832,0.00731091
0.28336,0.00730292
0.28352,0.00729493
0.28368,0.00728694
0.28384,0.00727897
0.284,0.007271
0.28416,0.00726304
0.28432,0.00725508
0.28448,0.00724713
0.28464,0.00723919
0.2848,0.00723126
0.28496,0.00722333
0.28512,0.00721541
0.28528,0.00720749
0.28544,0.00719958
0.2856,0.00719168
0.28576,0.00718379
0.28592,0.0071759
0.28608,0.00716802
0.28624,0.00716015
0.2864,0.00715228
0.28656,0.00714442
0.28672,0.00713657
0.28688,0.00712872
0.28704,0.00712088
0.2872,0.00711305
0.28736,0.00710522
0.28752,0.0070974
0.28768,0.00708959
0.28784,0.00708178
0.288,0.00707398
0.28816,0.00706619
0.28832,0.0070584
0.28848,0.00705062
0.28864,0.00704285
0.2888,0.00703509
0.28896,0.00702733
0.28912,0.00701957
0.28928,0.00701183
0.28944,0.00700409
0.2896,0.00699636
0.28976,0.00698863
0.28992,0.00698092
0.29008,0.0069732
0.29024,0.0069655
0.2904,0.0069578
0.29056,0.00695011
0.29072,0.00694242
0.29088,0.00693475
0.29104,0.00692708
0.2912,0.00691941
0.29136,0.00691175
0.29152,0.0069041
0.29168,0.00689646
0.29184,0.00688882
0.292,0.00688119
0.29216,0.00687356
0.29232,0.00686595
0.29248,0.00685834
0.29264,0.00685073
0.2928,0.00684313
0.29296,0.00683554
0.29312,0.00682796
0.29328,0.00682038
0.29344,0.00681281
0.2936,0.00680525
0.29376,0.00679769
0.29392,0.00679014
0.29408,0.0067826
0.29424,0.00677506
0.2944,0.00676753
0.29456,0.00676001
0.29472,0.00675249
0.29488,0.00674498
0.29504,0.00673748
0.2952,0.00672998
0.29536,0.00672249
0.29552,0.006715
0.29568,0.00670753
0.29584,0.00670006
0.296,0.00669259
0.29616,0.00668514
0.29632,0.00667769
0.29648,0.00667024
0.29664,0.00666281
0.2968,0.00665538
0.29696,0.00664795
0.29712,0.00664054
0.29728,0.00663312
0.29744,0.00662572
0.2976,0.00661832
0.29776,0.00661093
0.29792,0.00660355
0.29808,0.00659617
0.29824,0.0065888
0.2984,0.00658144
0.29856,0.00657408
0.29872,0.00656673
0.29888,0.00655939
0.29904,0.00655205
0.2992,0.00654472
0.29936,0.0065374
0.29952,0.00653008
0.29968,0.00652277
0.29984,0.00651546
0.3,0.00650817
0.30016,0.00650087
0.30032,0.00649359
0.30048,0.00648631
0.30064,0.00647904
0.3008,0.00647178
0.30096,0.00646452
0.30112,0.00645727
0.30128,0.00645002
0.30144,0.00644278
0.3016,0.00643555
0.30176,0.00642833
0.30192,0.00642111
0.30208,0.0064139
0.30224,0.00640669
0.3024,0.00639949
0.30256,0.0063923
0.30272,0.00638512
0.30288,0.00637794
0.30304,0.00637077
0.3032,0.0063636
0.30336,0.00635644
0.30352,0.00634929
0.30368,0.00634214
0.30384,0.006335
0.304,0.00632787
0.30416,0.00632074
0.30432,0.00631362
0.30448,0.00630651
0.30464,0.0062994
0.3048,0.0062923
0.30496,0.00628521
0.30512,0.00627812
0.30528,0.00627104
0.30544,0.00626397
0.3056,0.0062569
0.30576,0.00624984
0.30592,0.00624278
0.30608,0.00623573
0.30624,0.00622869
0.3064,0.00622166
0.30656,0.00621463
0.30672,0.00620761
0.30688,0.00620059
0.30704,0.00619358
0.3072,0.00618658
0.30736,0.00617958
0.30752,0.0061726
0.30768,0.00616561
0.30784,0.00615864
0.308,0.00615167
0.30816,0.0061447
0.30832,0.00613774
0.30848,0.00613079
0.30864,0.00612385
0.3088,0.00611691
0.30896,0.00610998
0.30912,0.00610306
0.30928,0.00609614
0.30944,0.00608923
0.3096,0.00608232
0.30976,0.00607542
0.30992,0.00606853
0.31008,0.00606164
0.31024,0.00605476
0.3104,0.00604789
0.31056,0.00604102
0.31072,0.00603416
0.31088,0.00602731
0.31104,0.00602046
0.3112,0.00601362
0.31136,0.00600679
0.31152,0.00599996
0.31168,0.00599314
0.31184,0.00598632
0.312,0.00597951
0.31216,0.00597271
0.31232,0.00596591
0.31248,0.00595912
0.31264,0.00595234
0.3128,0.00594556
0.31296,0.00593879
0.31312,0.00593203
0.31328,0.00592527
0.31344,0.00591852
0.3136,0.00591178
0.31376,0.00590504
0.31392,0.00589831
0.31408,0.00589158
0.31424,0.00588486
0.3144,0.00587815
0.31456,0.00587144
0.31472,0.00586474
0.31488,0.00585805
0.31504,0.00585136
0.3152,0.00584468
0.31536,0.005838
0.31552,0.00583133
0.31568,0.00582467
0.31584,0.00581802
0.316,0.00581137
0.31616,0.00580472
0.31632,0.00579809
0.31648,0.00579146
0.31664,0.00578483
0.3168,0.00577821
0.31696,0.0057716
0.31712,0.005765
0.31728,0.0057584
0.31744,0.0057518
0.3176,0.00574522
0.31776,0.00573864
0.31792,0.00573206
0.31808,0.0057255
0.31824,0.00571894
0.3184,0.00571238
0.31856,0.00570583
0.31872,0.00569929
0.31888,0.00569275
0.31904,0.00568622
0.3192,0.0056797
0.31936,0.00567318
0.31952,0.00566667
0.31968,0.00566017
0.31984,0.00565367
0.32,0.00564718
0.32016,0.00564069
0.32032,0.00563421
0.32048,0.00562774
0.32064,0.00562127
0.3208,0.00561481
0.32096,0.00560836
0.32112,0.00560191
0.32128,0.00559546
0.32144,0.00558903
0.3216,0.0055826
0.32176,0.00557617
0.32192,0.00556976
0.32208,0.00556335
0.32224,0.00555694
0.3224,0.00555054
0.32256,0.00554415
0.32272,0.00553776
0.32288,0.00553138
0.32304,0.00552501
0.3232,0.00551864
0.32336,0.00551228
0.32352,0.00550592
0.32368,0.00549958
0.32384,0.00549323
0.324,0.0054869
0.32416,0.00548056
0.32432,0.00547424
0.32448,0.00546792
0.32464,0.00546161
0.3248,0.0054553
0.32496,0.005449
0.32512,0.00544271
0.32528,0.00543642
0.32544,0.00543014
0.3256,0.00542386
0.32576,0.0054176
0.32592,0.00541133
0.32608,0.00540508
0.32624,0.00539882
0.3264,0.00539258
0.32656,0.00538634
0.32672,0.00538011
0.32688,0.00537388
0.32704,0.00536766
0.3272,0.00536145
0.32736,0.00535524
0.32752,0.00534904
0.32768,0.00534284
0.32784,0.00533665
0.328,0.00533047
0.32816,0.00532429
0.32832,0.00531812
0.32848,0.00531195
0.32864,0.00530579
0.3288,0.00529964
0.32896,0.00529349
0.32912,0.00528735
0.32928,0.00528122
0.32944,0.00527509
0.3296,0.00526896
0.32976,0.00526285
0.32992,0.00525674
0.33008,0.00525063
0.33024,0.00524453
0.3304,0.00523844
0.33056,0.00523235
0.33072,0.00522627
0.33088,0.0052202
0.33104,0.00521413
0.3312,0.00520807
0.33136,0.00520201
0.33152,0.00519596
0.33168,0.00518991
0.33184,0.00518387
0.332,0.00517784
0.33216,0.00517181
0.33232,0.00516579
0.33248,0.00515978
0.33264,0.00515377
0.3328,0.00514777
0.33296,0.00514177
0.33312,0.00513578
0.33328,0.00512979
0.33344,0.00512382
0.3336,0.00511784
0.33376,0.00511188
0.33392,0.00510591
0.33408,0.00509996
0.33424,0.00509401
0.3344,0.00508807
0.33456,0.00508213
0.33472,0.0050762
0.33488,0.00507027
0.33504,0.00506435
0.3352,0.00505844
0.33536,0.00505253
0.33552,0.00504663
0.33568,0.00504073
0.33584,0.00503484
0.336,0.00502896
0.33616,0.00502308
0.33632,0.00501721
0.33648,0.00501134
0.33664,0.00500548
0.3368,0.00499963
0.33696,0.00499378
0.33712,0.00498793
0.33728,0.0049821
0.33744,0.00497627
0.3376,0.00497044
0.33776,0.00496462
0.33792,0.00495881
0.33808,0.004953
0.33824,0.0049472
0.3384,0.0049414
0.33856,0.00493561
0.33872,0.00492983
0.33888,0.00492405
0.33904,0.00491828
0.3392,0.00491251
0.33936,0.00490675
0.33952,0.00490099
0.33968,0.00489524
0.33984,0.0048895
0.34,0.00488376
0.34016,0.00487803
0.34032,0.0048723
0.34048,0.00486658
0.34064,0.00486087
0.3408,0.00485516
0.34096,0.00484946
0.34112,0.00484376
0.34128,0.00483807
0.34144,0.00483238
0.3416,0.0048267
0.34176,0.00482103
0.34192,0.00481536
0.34208,0.0048097
0.34224,0.00480404
0.3424,0.00479839
0.34256,0.00479274
0.34272,0.0047871
0.34288,0.00478147
0.34304,0.00477584
0.3432,0.00477022
0.34336,0.0047646
0.34352,0.00475899
0.34368,0.00475339
0.34384,0.00474779
0.344,0.00474219
0.34416,0.0047366
0.34432,0.00473102
0.34448,0.00472544
0.34464,0.00471987
0.3448,0.00471431
0.34496,0.00470875
0.34512,0.00470319
0.34528,0.00469765
0.34544,0.0046921
0.3456,0.00468657
0.34576,0.00468104
0.34592,0.00467551
0.34608,0.00466999
0.34624,0.00466448
0.3464,0.00465897
0.34656,0.00465346
0.34672,0.00464797
0.34688,0.00464247
0.34704,0.00463699
0.3472,0.00463151
0.34736,0.00462603
0.34752,0.00462056
0.34768,0.0046151
0.34784,0.00460964
0.348,0.00460419
0.34816,0.00459874
0.34832,0.0045933
0.34848,0.00458787
0.34864,0.00458244
0.3488,0.00457701
0.34896,0.00457159
0.34912,0.00456618
0.34928,0.00456077
0.34944,0.00455537
0.3496,0.00454997
0.34976,0.00454458
0.34992,0.0045392
0.35008,0.00453382
0.35024,0.00452844
0.3504,0.00452308
0.35056,0.00451771
0.35072,0.00451235
0.35088,0.004507
0.35104,0.00450166
0.3512,0.00449632
0.35136,0.00449098
0.35152,0.00448565
0.35168,0.00448033
0.35184,0.00447501
0.352,0.00446969
0.35216,0.00446439
0.35232,0.00445908
0.35248,0.00445379
0.35264,0.0044485
0.3528,0.00444321
0.35296,0.00443793
0.35312,0.00443265
0.35328,0.00442739
0.35344,0.00442212
0.3536,0.00441686
0.35376,0.00441161
0.35392,0.00440636
0.35408,0.00440112
0.35424,0.00439588
0.3544,0.00439065
0.35456,0.00438543
0.35472,0.00438021
0.35488,0.00437499
0.35504,0.00436978
0.3552,0.00436458
0.35536,0.00435938
0.35552,0.00435419
0.35568,0.004349
0.35584,0.00434382
0.356,0.00433864
0.35616,0.00433347
0.35632,0.0043283
0.35648,0.00432314
0.35664,0.00431799
0.3568,0.00431284
0.35696,0.00430769
0.35712,0.00430256
0.35728,0.00429742
0.35744,0.00429229
0.3576,0.00428717
0.35776,0.00428205
0.35792,0.00427694
0.35808,0.00427184
0.35824,0.00426673
0.3584,0.00426164
0.35856,0.00425655
0.35872,0.00425146
0.35888,0.00424638
0.35904,0.00424131
0.3592,0.00423624
0.35936,0.00423117
0.35952,0.00422612
0.35968,0.00422106
0.35984,0.00421601
0.36,0.00421097
0.36016,0.00420593
0.36032,0.0042009
0.36048,0.00419588
0.36064,0.00419085
0.3608,0.00418584
0.36096,0.00418083
0.36112,0.00417582
0.36128,0.00417082
0.36144,0.00416583
0.3616,0.00416084
0.36176,0.00415585
0.36192,0.00415087
0.36208,0.0041459
0.36224,0.00414093
0.3624,0.00413597
0.36256,0.00413101
0.36272,0.00412606
0.36288,0.00412111
0.36304,0.00411617
0.3632,0.00411123
0.36336,0.0041063
0.36352,0.00410137
0.36368,0.00409645
0.36384,0.00409153
0.364,0.00408662
0.36416,0.00408172
0.36432,0.00407681
0.36448,0.00407192
0.36464,0.00406703
0.3648,0.00406214
0.36496,0.00405726
0.36512,0.00405239
0.36528,0.00404752
0.36544,0.00404266
0.3656,0.0040378
0.36576,0.00403294
0.36592,0.00402809
0.36608,0.00402325
0.36624,0.00401841
0.3664,0.00401358
0.36656,0.00400875
0.36672,0.00400393
0.36688,0.00399911
0.36704,0.0039943
0.3672,0.00398949
0.36736,0.00398469
0.36752,0.00397989
0.36768,0.0039751
0.36784,0.00397031
0.368,0.00396553
0.36816,0.00396075
0.36832,0.00395598
0.36848,0.00395121
0.36864,0.00394645
0.3688,0.00394169
0.36896,0.00393694
0.36912,0.00393219
0.36928,0.00392745
0.36944,0.00392272
0.3696,0.00391799
0.36976,0.00391326
0.36992,0.00390854
0.37008,0.00390382
0.37024,0.00389911
0.3704,0.00389441
0.37056,0.00388971
0.37072,0.00388501
0.37088,0.00388032
0.37104,0.00387563
0.3712,0.00387095
0.37136,0.00386628
0.37152,0.00386161
0.37168,0.00385694
0.37184,0.00385228
0.372,0.00384762
0.37216,0.00384297
0.37232,0.00383833
0.37248,0.00383369
0.37264,0.00382905
0.3728,0.00382442
0.37296,0.0038198
0.37312,0.00381518
0.37328,0.00381056
0.37344,0.00380595
0.3736,0.00380134
0.37376,0.00379674
0.37392,0.00379215
0.37408,0.00378756
0.37424,0.00378297
0.3744,0.00377839
0.37456,0.00377381
0.37472,0.00376924
0.37488,0.00376468
0.37504,0.00376012
0.3752,0.00375556
0.37536,0.00375101
0.37552,0.00374646
0.37568,0.00374192
0.37584,0.00373738
0.376,0.00373285
0.37616,0.00372833
0.37632,0.0037238
0.37648,0.00371929
0.37664,0.00371477
0.3768,0.00371027
0.37696,0.00370577
0.37712,0.00370127
0.37728,0.00369678
0.37744,0.00369229
0.3776,0.00368781
0.37776,0.00368333
0.37792,0.00367885
0.37808,0.00367439
0.37824,0.00366992
0.3784,0.00366546
0.37856,0.00366101
0.37872,0.00365656
0.37888,0.00365212
0.37904,0.00364768
0.3792,0.00364325
0.37936,0.00363882
0.37952,0.00363439
0.37968,0.00362997
0.37984,0.00362556
0.38,0.00362115
0.38016,0.00361674
0.38032,0.00361234
0.38048,0.00360794
0.38064,0.00360355
0.3808,0.00359917
0.38096,0.00359479
0.38112,0.00359041
0.38128,0.00358604
0.38144,0.00358167
0.3816,0.00357731
0.38176,0.00357295
0.38192,0.0035686
0.38208,0.00356425
0.38224,0.00355991
0.3824,0.00355557
0.38256,0.00355123
0.38272,0.00354691
0.38288,0.00354258
0.38304,0.00353826
0.3832,0.00353395
0.38336,0.00352964
0.38352,0.00352533
0.38368,0.00352103
0.38384,0.00351673
0.384,0.00351244
0.38416,0.00350816
0.38432,0.00350387
0.38448,0.0034996
0.38464,0.00349532
0.3848,0.00349106
0.38496,0.00348679
0.38512,0.00348254
0.38528,0.00347828
0.38544,0.00347403
0.3856,0.00346979
0.38576,0.00346555
0.38592,0.00346131
0.38608,0.00345708
0.38624,0.00345286
0.3864,0.00344864
0.38656,0.00344442
0.38672,0.00344021
0.38688,0.003436
0.38704,0.0034318
0.3872,0.0034276
0.38736,0.00342341
0.38752,0.00341922
0.38768,0.00341503
0.38784,0.00341085
0.388,0.00340668
0.38816,0.00340251
0.38832,0.00339834
0.38848,0.00339418
0.38864,0.00339003
0.3888,0.00338587
0.38896,0.00338173
0.38912,0.00337758
0.38928,0.00337345
0.38944,0.00336931
0.3896,0.00336518
0.38976,0.00336106
0.38992,0.00335694
0.39008,0.00335282
0.39024,0.00334871
0.3904,0.00334461
0.39056,0.0033405
0.39072,0.00333641
0.39088,0.00333232
0.39104,0.00332823
0.3912,0.00332414
0.39136,0.00332006
0.39152,0.00331599
0.39168,0.00331192
0.39184,0.00330785
0.392,0.00330379
0.39216,0.00329974
0.39232,0.00329568
0.39248,0.00329164
0.39264,0.00328759
0.3928,0.00328356
0.39296,0.00327952
0.39312,0.00327549
0.39328,0.00327147
0.39344,0.00326745
0.3936,0.00326343
0.39376,0.00325942
0.39392,0.00325541
0.39408,0.00325141
0.39424,0.00324741
0.3944,0.00324342
0.39456,0.00323943
0.39472,0.00323544
0.39488,0.00323146
0.39504,0.00322749
0.3952,0.00322351
0.39536,0.00321955
0.39552,0.00321558
0.39568,0.00321163
0.39584,0.00320767
0.396,0.00320372
0.39616,0.00319978
0.39632,0.00319584
0.39648,0.0031919
0.39664,0.00318797
0.3968,0.00318404
0.39696,0.00318012
0.39712,0.0031762
0.39728,0.00317228
0.39744,0.00316837
0.3976,0.00316447
0.39776,0.00316057
0.39792,0.00315667
0.39808,0.00315278
0.39824,0.00314889
0.3984,0.003145
0.39856,0.00314112
0.39872,0.00313725
0.39888,0.00313338
0.39904,0.00312951
0.3992,0.00312565
0.39936,0.00312179
0.39952,0.00311794
0.39968,0.00311409
0.39984,0.00311024
0.4,0.0031064
0.40016,0.00310257
0.40032,0.00309874
0.40048,0.00309491
0.40064,0.00309108
0.4008,0.00308726
0.40096,0.00308345
0.40112,0.00307964
0.40128,0.00307583
0.40144,0.00307203
0.4016,0.00306823
0.40176,0.00306444
0.40192,0.00306065
0.40208,0.00305687
0.40224,0.00305308
0.4024,0.00304931
0.40256,0.00304554
0.40272,0.00304177
0.40288,0.003038
0.40304,0.00303424
0.4032,0.00303049
0.40336,0.00302674
0.40352,0.00302299
0.40368,0.00301925
0.40384,0.00301551
0.404,0.00301178
0.40416,0.00300805
0.40432,0.00300432
0.40448,0.0030006
0.40464,0.00299688
0.4048,0.00299317
0.40496,0.00298946
0.40512,0.00298576
0.40528,0.00298205
0.40544,0.00297836
0.4056,0.00297467
0.40576,0.00297098
0.40592,0.00296729
0.40608,0.00296361
0.40624,0.00295994
0.4064,0.00295627
0.40656,0.0029526
0.40672,0.00294894
0.40688,0.00294528
0.40704,0.00294162
0.4072,0.00293797
0.40736,0.00293433
0.40752,0.00293068
0.40768,0.00292704
0.40784,0.00292341
0.408,0.00291978
0.40816,0.00291615
0.40832,0.00291253
0.40848,0.00290891
0.40864,0.0029053
0.4088,0.00290169
0.40896,0.00289809
0.40912,0.00289448
0.40928,0.00289089
0.40944,0.00288729
0.4096,0.00288371
0.40976,0.00288012
0.40992,0.00287654
0.41008,0.00287296
0.41024,0.00286939
0.4104,0.00286582
0.41056,0.00286226
0.41072,0.00285869
0.41088,0.00285514
0.41104,0.00285159
0.4112,0.00284804
0.41136,0.00284449
0.41152,0.00284095
0.41168,0.00283742
0.41184,0.00283388
0.412,0.00283035
0.41216,0.00282683
0.41232,0.00282331
0.41248,0.00281979
0.41264,0.00281628
0.4128,0.00281277
0.41296,0.00280927
0.41312,0.00280577
0.41328,0.00280227
0.41344,0.00279878
0.4136,0.00279529
0.41376,0.00279181
0.41392,0.00278833
0.41408,0.00278485
0.41424,0.00278138
0.4144,0.00277791
0.41456,0.00277444
0.41472,0.00277098
0.41488,0.00276753
0.41504,0.00276407
0.4152,0.00276062
0.41536,0.00275718
0.41552,0.00275374
0.41568,0.0027503
0.41584,0.00274687
0.416,0.00274344
0.41616,0.00274001
0.41632,0.00273659
0.41648,0.00273318
0.41664,0.00272976
0.4168,0.00272635
0.41696,0.00272295
0.41712,0.00271955
0.41728,0.00271615
0.41744,0.00271275
0.4176,0.00270936
0.41776,0.00270598
0.41792,0.0027026
0.41808,0.00269922
0.41824,0.00269584
0.4184,0.00269247
0.41856,0.0026891
0.41872,0.00268574
0.41888,0.00268238
0.41904,0.00267903
0.4192,0.00267568
0.41936,0.00267233
0.41952,0.00266898
0.41968,0.00266565
0.41984,0.00266231
0.42,0.00265898
0.42016,0.00265565
0.42032,0.00265232
0.42048,0.002649
0.42064,0.00264569
0.4208,0.00264237
0.42096,0.00263906
0.42112,0.00263576
0.42128,0.00263246
0.42144,0.00262916
0.4216,0.00262587
0.42176,0.00262257
0.42192,0.00261929
0.42208,0.00261601
0.42224,0.00261273
0.4224,0.00260945
0.42256,0.00260618
0.42272,0.00260291
0.42288,0.00259965
0.42304,0.00259639
0.4232,0.00259313
0.42336,0.00258988
0.42352,0.00258663
0.42368,0.00258339
0.42384,0.00258015
0.424,0.00257691
0.42416,0.00257367
0.42432,0.00257044
0.42448,0.00256722
0.42464,0.00256399
0.4248,0.00256078
0.42496,0.00255756
0.42512,0.00255435
0.42528,0.00255114
0.42544,0.00254794
0.4256,0.00254474
0.42576,0.00254154
0.42592,0.00253835
0.42608,0.00253516
0.42624,0.00253197
0.4264,0.00252879
0.42656,0.00252561
0.42672,0.00252244
0.42688,0.00251927
0.42704,0.0025161
0.4272,0.00251294
0.42736,0.00250978
0.42752,0.00250662
0.42768,0.00250347
0.42784,0.00250032
0.428,0.00249717
0.42816,0.00249403
0.42832,0.0024909
0.42848,0.00248776
0.42864,0.00248463
0.4288,0.0024815
0.42896,0.00247838
0.42912,0.00247526
0.42928,0.00247214
0.42944,0.00246903
0.4296,0.00246592
0.42976,0.00246282
0.42992,0.00245972
0.43008,0.00245662
0.43024,0.00245352
0.4304,0.00245043
0.43056,0.00244735
0.43072,0.00244426
0.43088,0.00244118
0.43104,0.00243811
0.4312,0.00243503
0.43136,0.00243196
0.43152,0.0024289
0.43168,0.00242584
0.43184,0.00242278
0.432,0.00241972
0.43216,0.00241667
0.43232,0.00241362
0.43248,0.00241058
0.43264,0.00240754
0.4328,0.0024045
0.43296,0.00240147
0.43312,0.00239844
0.43328,0.00239541
0.43344,0.00239239
0.4336,0.00238937
0.43376,0.00238635
0.43392,0.00238334
0.43408,0.00238033
0.43424,0.00237732
0.4344,0.00237432
0.43456,0.00237132
0.43472,0.00236833
0.43488,0.00236534
0.43504,0.00236235
0.4352,0.00235936
0.43536,0.00235638
0.43552,0.00235341
0.43568,0.00235043
0.43584,0.00234746
0.436,0.00234449
0.43616,0.00234153
0.43632,0.00233857
0.43648,0.00233561
0.43664,0.00233266
0.4368,0.00232971
0.43696,0.00232676
0.43712,0.00232382
0.43728,0.00232088
0.43744,0.00231794
0.4376,0.00231501
0.43776,0.00231208
0.43792,0.00230916
0.43808,0.00230624
0.43824,0.00230332
0.4384,0.0023004
0.43856,0.00229749
0.43872,0.00229458
0.43888,0.00229167
0.43904,0.00228877
0.4392,0.00228587
0.43936,0.00228298
0.43952,0.00228009
0.43968,0.0022772
0.43984,0.00227432
0.44,0.00227143
0.44016,0.00226856
0.44032,0.00226568
0.44048,0.00226281
0.44064,0.00225994
0.4408,0.00225708
0.44096,0.00225422
0.44112,0.00225136
0.44128,0.0022485
0.44144,0.00224565
0.4416,0.00224281
0.44176,0.00223996
0.44192,0.00223712
0.44208,0.00223428
0.44224,0.00223145
0.4424,0.00222862
0.44256,0.00222579
0.44272,0.00222296
0.44288,0.00222014
0.44304,0.00221733
0.4432,0.00221451
0.44336,0.0022117
0.44352,0.00220889
0.44368,0.00220609
0.44384,0.00220329
0.444,0.00220049
0.44416,0.00219769
0.44432,0.0021949
0.44448,0.00219212
0.44464,0.00218933
0.4448,0.00218655
0.44496,0.00218377
0.44512,0.002181
0.44528,0.00217823
0.44544,0.00217546
0.4456,0.00217269
0.44576,0.00216993
0.44592,0.00216717
0.44608,0.00216442
0.44624,0.00216166
0.4464,0.00215892
0.44656,0.00215617
0.44672,0.00215343
0.44688,0.00215069
0.44704,0.00214795
0.4472,0.00214522
0.44736,0.00214249
0.44752,0.00213977
0.44768,0.00213704
0.44784,0.00213432
0.448,0.00213161
0.44816,0.00212889
0.44832,0.00212618
0.44848,0.00212348
0.44864,0.00212077
0.4488,0.00211807
0.44896,0.00211538
0.44912,0.00211268
0.44928,0.00210999
0.44944,0.0021073
0.4496,0.00210462
0.44976,0.00210194
0.44992,0.00209926
0.45008,0.00209659
0.45024,0.00209391
0.4504,0.00209125
0.45056,0.00208858
0.45072,0.00208592
0.45088,0.00208326
0.45104,0.0020806
0.4512,0.00207795
0.45136,0.0020753
0.45152,0.00207265
0.45168,0.00207001
0.45184,0.00206737
0.452,0.00206473
0.45216,0.0020621
0.45232,0.00205947
0.45248,0.00205684
0.45264,0.00205422
0.4528,0.0020516
0.45296,0.00204898
0.45312,0.00204636
0.45328,0.00204375
0.45344,0.00204114
0.4536,0.00203854
0.45376,0.00203593
0.45392,0.00203333
0.45408,0.00203074
0.45424,0.00202814
0.4544,0.00202555
0.45456,0.00202297
0.45472,0.00202038
0.45488,0.0020178
0.45504,0.00201522
0.4552,0.00201265
0.45536,0.00201008
0.45552,0.00200751
0.45568,0.00200494
0.45584,0.00200238
0.456,0.00199982
0.45616,0.00199726
0.45632,0.00199471
0.45648,0.00199216
0.45664,0.00198961
0.4568,0.00198707
0.45696,0.00198453
0.45712,0.00198199
0.45728,0.00197945
0.45744,0.00197692
0.4576,0.00197439
0.45776,0.00197187
0.45792,0.00196934
0.45808,0.00196682
0.45824,0.0019643
0.4584,0.00196179
0.45856,0.00195928
0.45872,0.00195677
0.45888,0.00195427
0.45904,0.00195176
0.4592,0.00194926
0.45936,0.00194677
0.45952,0.00194428
0.45968,0.00194179
0.45984,0.0019393
0.46,0.00193681
0.46016,0.00193433
0.46032,0.00193185
0.46048,0.00192938
0.46064,0.00192691
0.4608,0.00192444
0.46096,0.00192197
0.46112,0.00191951
0.46128,0.00191705
0.46144,0.00191459
0.4616,0.00191213
0.46176,0.00190968
0.46192,0.00190723
0.46208,0.00190479
0.46224,0.00190235
0.4624,0.00189991
0.46256,0.00189747
0.46272,0.00189503
0.46288,0.0018926
0.46304,0.00189017
0.4632,0.00188775
0.46336,0.00188533
0.46352,0.00188291
0.46368,0.00188049
0.46384,0.00187808
0.464,0.00187567
0.46416,0.00187326
0.46432,0.00187085
0.46448,0.00186845
0.46464,0.00186605
0.4648,0.00186366
0.46496,0.00186126
0.46512,0.00185887
0.46528,0.00185648
0.46544,0.0018541
0.4656,0.00185172
0.46576,0.00184934
0.46592,0.00184696
0.46608,0.00184459
0.46624,0.00184222
0.4664,0.00183985
0.46656,0.00183748
0.46672,0.00183512
0.46688,0.00183276
0.46704,0.00183041
0.4672,0.00182805
0.46736,0.0018257
0.46752,0.00182335
0.46768,0.00182101
0.46784,0.00181867
0.468,0.00181633
0.46816,0.00181399
0.46832,0.00181166
0.46848,0.00180933
0.46864,0.001807
0.4688,0.00180467
0.46896,0.00180235
0.46912,0.00180003
0.46928,0.00179771
0.46944,0.0017954
0.4696,0.00179309
0.46976,0.00179078
0.46992,0.00178848
0.47008,0.00178617
0.47024,0.00178387
0.4704,0.00178157
0.47056,0.00177928
0.47072,0.00177699
0.47088,0.0017747
0.47104,0.00177241
0.4712,0.00177013
0.47136,0.00176785
0.47152,0.00176557
0.47168,0.0017633
0.47184,0.00176102
0.472,0.00175875
0.47216,0.00175649
0.47232,0.00175422
0.47248,0.00175196
0.47264,0.0017497
0.4728,0.00174745
0.47296,0.00174519
0.47312,0.00174294
0.47328,0.00174069
0.47344,0.00173845
0.4736,0.00173621
0.47376,0.00173397
0.47392,0.00173173
0.47408,0.00172949
0.47424,0.00172726
0.4744,0.00172503
0.47456,0.00172281
0.47472,0.00172058
0.47488,0.00171836
0.47504,0.00171615
0.4752,0.00171393
0.47536,0.00171172
0.47552,0.00170951
0.47568,0.0017073
0.47584,0.0017051
0.476,0.00170289
0.47616,0.00170069
0.47632,0.0016985
0.47648,0.0016963
0.47664,0.00169411
0.4768,0.00169192
0.47696,0.00168974
0.47712,0.00168755
0.47728,0.00168537
0.47744,0.00168319
0.4776,0.00168102
0.47776,0.00167885
0.47792,0.00167668
0.47808,0.00167451
0.47824,0.00167234
0.4784,0.00167018
0.47856,0.00166802
0.47872,0.00166587
0.47888,0.00166371
0.47904,0.00166156
0.4792,0.00165941
0.47936,0.00165726
0.47952,0.00165512
0.47968,0.00165298
0.47984,0.00165084
0.48,0.0016487
0.48016,0.00164657
0.48032,0.00164444
0.48048,0.00164231
0.48064,0.00164018
0.4808,0.00163806
0.48096,0.00163594
0.48112,0.00163382
0.48128,0.00163171
0.48144,0.00162959
0.4816,0.00162748
0.48176,0.00162538
0.48192,0.00162327
0.48208,0.00162117
0.48224,0.00161907
0.4824,0.00161697
0.48256,0.00161488
0.48272,0.00161279
0.48288,0.0016107
0.48304,0.00160861
0.4832,0.00160652
0.48336,0.00160444
0.48352,0.00160236
0.48368,0.00160028
0.48384,0.00159821
0.484,0.00159614
0.48416,0.00159407
0.48432,0.001592
0.48448,0.00158994
0.48464,0.00158788
0.4848,0.00158582
0.48496,0.00158376
0.48512,0.00158171
0.48528,0.00157965
0.48544,0.0015776
0.4856,0.00157556
0.48576,0.00157351
0.48592,0.00157147
0.48608,0.00156943
0.48624,0.0015674
0.4864,0.00156536
0.48656,0.00156333
0.48672,0.0015613
0.48688,0.00155927
0.48704,0.00155725
0.4872,0.00155523
0.48736,0.00155321
0.48752,0.00155119
0.48768,0.00154918
0.48784,0.00154716
0.488,0.00154515
0.48816,0.00154315
0.48832,0.00154114
0.48848,0.00153914
0.48864,0.00153714
0.4888,0.00153514
0.48896,0.00153315
0.48912,0.00153116
0.48928,0.00152917
0.48944,0.00152718
0.4896,0.00152519
0.48976,0.00152321
0.48992,0.00152123
0.49008,0.00151925
0.49024,0.00151728
0.4904,0.00151531
0.49056,0.00151334
0.49072,0.00151137
0.49088,0.0015094
0.49104,0.00150744
0.4912,0.00150548
0.49136,0.00150352
0.49152,0.00150156
0.49168,0.00149961
0.49184,0.00149766
0.492,0.00149571
0.49216,0.00149376
0.49232,0.00149182
0.49248,0.00148988
0.49264,0.00148794
0.4928,0.001486
0.49296,0.00148407
0.49312,0.00148214
0.49328,0.00148021
0.49344,0.00147828
0.4936,0.00147635
0.49376,0.00147443
0.49392,0.00147251
0.49408,0.00147059
0.49424,0.00146868
0.4944,0.00146676
0.49456,0.00146485
0.49472,0.00146294
0.49488,0.00146104
0.49504,0.00145913
0.4952,0.00145723
0.49536,0.00145533
0.49552,0.00145344
0.49568,0.00145154
0.49584,0.00144965
0.496,0.00144776
0.49616,0.00144587
0.49632,0.00144399
0.49648,0.00144211
0.49664,0.00144023
0.4968,0.00143835
0.49696,0.00143647
0.49712,0.0014346
0.49728,0.00143273
0.49744,0.00143086
0.4976,0.00142899
0.49776,0.00142713
0.49792,0.00142526
0.49808,0.00142341
0.49824,0.00142155
0.4984,0.00141969
0.49856,0.00141784
0.49872,0.00141599
0.49888,0.00141414
0.49904,0.0014123
0.4992,0.00141045
0.49936,0.00140861
0.49952,0.00140677
0.49968,0.00140493
0.49984,0.0014031
